channel_id,channel_name,total_subscribers,total_views,total_videos
UCq-Fj5jknLsUf-MWSy4_brA,T-Series,315000000,355473234699,27119
UCpEhnqL0y41EpW2TvWAHD7Q,SET India,190000000,192509898239,176000
UCFFbwnve3yF62-tVXkTyHqg,Zee Music Company,123000000,91409958772,17062
UCyoXW-Dse7fURq30EWl_CUA,Goldmines,110000000,32892135063,14104
UC6-F5tO8uklgE9Zy8IvbdFw,Sony SAB,106000000,148022346368,115849
UCppHT7SZKKvar4Oc9J4oljQ,Zee TV,98900000,120038109718,220247
UCP6uH_XlsxrXwZQ4DlqbqPg,Shemaroo Filmi Gaane,75000000,36511629841,10254
UC55IWqFLDH1Xp7iu1_xknRA,Colors TV,82500000,2771701711,128156
UCBnZ16ahKA2DZ_T5W0FPUXg,ChuChu TV Nursery Rhymes & Kids Songs,98200000,60521091073,1132
UCJrDMFOdv1I2k8n9oK_V21w,Tips Official,82400000,59101051622,10469
bhojpuriwave,,,,
UC56gTxNs4f9xZ7Pa2i5xNzg,Sony Music India,72900000,85645898099,12553
UCt4t-jeY85JegMlZ-E5UWtA,Aaj Tak,75600000,48889172409,739639
UCbTLwN10NoCU4WDzLf1JMOA,YRF,72700000,61125995895,5127
UC1ciY6kR3yj3kaKZ6R7ewAg,Infobells - Hindi,72700000,50034221487,1001
carryminati,,,,
UCF1JIbMUs6uqoZEY1Haw0GQ,Shemaroo,62200000,28652483479,13918
UCOsyDsO5tIt-VZ1iwjdQmew,Speed Records,48700000,37541024880,13630
UCJg19noZp7-BYIGvypu_cow,JioHotstar Kids,58500000,18697460497,4940
UCWi_65E_L8tQZ34C6wVAlpQ,Ishtar Music,53900000,25605610343,7079
UCtW7qWjpCZ8zps-Cf2NF26w,Goldmines Gaane Sune Ansune,49400000,18379454008,2908
UCcvNYxWXR_5TjVK7cSCdW-g,T-Series Apna Punjab,41300000,30249768999,10106
UC5c9VlYTSvBSCaoMu_GI6gQ,Total Gaming,45900000,5227854746,598
UCRWFSbif-RFENbBrSiez1DA,ABP NEWS,51300000,33928303640,648102
UCLtNvbkqea8wN_kGtfgx_Mw,Desi Music Factory,34200000,11618162990,533
UCRm96I5kmb_iGFofE5N691w,T-Series Bollywood Classics,53800000,43407008744,4104
UC_A7K2dXFsTMAciGmnNxy-Q,Saregama Music,64700000,37382635083,10908
UCEKWXRsfUHkan-D_ljU8Asw,Rajshri,41500000,20892971984,5488
UCttspZesZIDEwwpVIgoZtWQ,IndiaTV,50900000,36338116787,473049
UCX52tYZiEh_mHoFja3Veciw,Eros Universe,35700000,5526645317,21012
UCSiDGb0MnHFGjs4E2WKvShw,MR. INDIAN HACKER,53000000,11343897288,1447
UCIvaYmXn910QMdemBG3v1pQ,Zee News,42400000,34027659366,356812
UCX8pnu3DYUnx8qy8V_c6oHg,Techno Gamerz,53100000,16518402034,1192
UCN8S4CqMRy6tVKVXvs7Bzeg,WowKidz,41400000,24361102482,15287
UCHcn4Ux-sO9nzNu7rDsoQLg,infobells - Tamil,36300000,25621146839,973
UCHvoq_rGmOKJKGId1nD1V4Q,infobells - Telugu,37600000,25326180199,920
UCqwUrj10mAEsqezcItqvwEw,BB Ki Vines,26500000,5374775069,195
UCBOmfqgTZi7yDp4-3Lr_3lA,Shemaroo Movies,39800000,11690707472,3927
UCopY0NAzASqmD6eVaRj2TFQ,Ishtar Punjabi,25700000,14825520846,8232
UCOhHO2ICt0ti9KAh-QHvttQ,Technical Guruji,23700000,4092004059,6341
UCpcsv3Ow-8IhoUGDEfPetsQ,Venus Movies,27700000,6267224411,2520
UCYLlkv4hivYJlOk6Lo-RHNQ,Wave Music Bhojpuri,27200000,16235865014,25551
UCebC4x5l2-PQxg46Ucv9CsA,Crazy XYZ,36900000,11882803527,1703
UCo6y9hnRawAqtyWhRhblXqg,Dushyant kukreja,50000000,35554859532,1900
UC3ar28GS6o1p0m_wabfk2zw,Pen Movies,30100000,9863001946,1864
UCYauDsl-rswjQGpA0_-Z9Pw,Ultra Movie Parlour,32300000,7752380527,2299
UCZSNzBgFub_WWil6TOTYwAg,Netflix India,29400000,16587235290,7324
UCR-foyF-C6VuAlwy3KZMkgA,Dr. Vivek Bindra: Motivational Speaker,21000000,2162844277,3442
UCCrw5RBWF9i8VPt4IxL8IsQ,Goldmines Cineplex,27500000,3231660915,5534
UC-LPIU24bQXVljUXivKEeRQ,StarPlus,56700000,67148535720,140098
UCw0ry7cLRUnq3Oaszlhgqfg,DLS News,23300000,4028832455,9570
UCC9Iz-AebxsyVF4iZagOtwA,Heidi & Zidane बच्चों की कहानियाँ,21000000,15220211755,1311
UCiBigY9XM-HaOxUc269ympg,Green Gold TV - Official Channel,22200000,11676037430,3519
UCatL-c6pmnjzEOHSyjn-sHA,Khan GS Research Centre,25900000,2812829149,413
UCSs9H1cyB3OHdy8wkit8ZKg,etvteluguindia,23600000,33280867091,189319
UCBnxEdpoZwstJqC1yZpOjRA,Sun TV,32800000,46568464509,188232
UCfLuT3JwLx8rvHjHfTymekw,Triggered Insaan,26800000,5296123598,372
UCNzmmbXIbMzlqE8nD1PBXfg,Dangal TV Channel,65800000,71363647926,54307
UCJZ5gFXzSZ9i-R1HEnS8U_A,Stubborn Facts,16800000,923781588,316
UC9ChdqQRCaZmTCwSJ49tcbw,Sidhu Moose Wala,31300000,10708691154,126
UCk3JZr7eS3pg5AGEvBdEvFg,Village Cooking Channel,30900000,10150578094,282
UCkKDpnzIG29MA--Sh6oOtWg,Busy Fun Ltd,28700000,12793555713,371
UCvEAgG7WzPZnZkf9iOV_YCg,Kiddiestv Hindi - Nursery Rhymes & Kids Songs,26200000,10366652239,458
UCCyKsYaRi62axS-kasXW7wA,Wow Kidz Action,27100000,13529195474,9517
UCl_Ksy6Yi1b4eEZ46FInb_w,Prajapati News,17600000,1169621800,2362
UCcryiZdagSR9M-Oii_Y4OfQ,ZappyToons - Hindi Nursery Rhymes and Stories,33500000,25563748768,1026
UCFcBAGR0drI3F15EhMFjuTg,Aayu and Pihu Show,20800000,14902649561,894
UCjBwQ6M9QyCgO5Pp-TQRFUA,RKD Studios,27700000,7972930885,1425
UCxJcrDUc8awRSLzLbnIiAmQ,And TV,25700000,24980383948,53646
UCoy3dQzEdq1y2zMnT4pdj3Q,SriBalajiMovies,23200000,14408058211,36879
UCnSFZ-olBoLGLRUS_3RI2Aw,Taarak Mehta Ka Ooltah Chashmah,37700000,53326570604,29715
UC9CYT9gSNLevX5ey2_6CK0Q,NDTV India,26600000,32482919276,361516
UCIeNlITYK46VkR7yIuTL8GQ,Volga Video,18000000,7898437685,4628
UCVmEbEQUGXHVm-O9pqa3JWg,Harsh Beniwal,16600000,2612141972,224
UCe3GjNY3Kqi8Xd6nT4JN_6w,Fun For Kids TV - Hindi Rhymes,22400000,10895287854,336
UChXi_PlJkRMPYFQBOJ3MpxA,Gyan Gamingㅤ,19600000,533092724,274
UCB4SvelHl4qjFSNYfxhp-SQ,Team Films Bhojpuri,17200000,7195736761,20473
UCgJ5_1F6yJhYLnyMszUdmUg,Shorts Break,48800000,43436931381,1057
UCAH1Aw-mXgcB3t8uaqW4yTA,SRK MUSIC,20000000,8890042405,5672
UCUPD0jQo-EP0B1Nf4uzeIMA,Mazhavil Manorama,21000000,29129764156,179221
UC783dnzJqf2ghHp_pFLYbGA,DM - Desi Melodies,21300000,9005944382,1224
UCXOgAl4w-FQero1ERbGHpXQ,Zee 5,20000000,28853371097,257455
UCn4rEMqKtwBQ6-oEwbd4PcA,Sony Music South,21700000,22587885204,6270
UC4B6dDVB0Umrh5l4UgxUtyg,MY FAMILY,19800000,7977754309,471
UCL3IoeeHKzWMxZxhmnmETjw,,,,
UCU_AsfgtKjwR4qaSwgsWn-w,infobells,14400000,5854711399,768
UC0zXnLIFedO97pFsyMxZcFg,The MriDul,20000000,6924877254,441
UCpCWa9f5_J3PqY-_Lg-_QfQ,MyMissAnand,13800000,5684418978,548
UCuN4A3GCUq5-0wJDSiJoxRQ,Anaysa,13500000,3845069891,724
UCgoxyzvouZM-tCgsYzrYtyg,NishaMadhulika,15200000,3689514498,2583
UCnoqvTW4YZExfDeq7_Wmd-w,ETV Jabardasth,15700000,18189995441,17791
UCx6F-rETGiz7xf_vkMmX2yQ,Mythpat,17500000,4460442978,437
UCuApqv2tNQ73S7gcfrfCSDw,Desi Gamers,17700000,2993875282,1549
UCeMsqI6jU9WE2ctsrbxbywQ,Zee Bangla,21800000,18714142018,199593
UCJeeXUtsKBj89Ra1nszP4JQ,,,,
UCTbNOCtAGaqOEnLMeo3JTeg,CookingShooking Hindi,13500000,2045163241,447
UC3PYGKK29qJ0zu-eEthHK4g,Zee Telugu,18000000,16527233529,226682
UC9dyrsYEmD4iGJ8Oz1G5dpw,Dear Sir,22700000,2478051169,1628
UCpN-WGQgGsOrXm7nHXDdTDA,T-Series Hamaar Bhojpuri,24400000,14847055818,12112
UCPMqs8vxEwbie26nFA3ykAw,Health Time,12300000,1024696566,1724
