#,NAME,FOLLOWERS,ER,COUNTRY,TOPIC OF INFLUENCE,POTENTIAL REACH,channel_id,channel_name,total_subscribers,total_views,total_videos
1,T-Series @UCq-Fj5jknLsUf-MWSy4_brA,234M,-,India,,70.2M,UCq-Fj5jknLsUf-MWSy4_brA,T-Series,315000000,355473234699,27119
2,SET India @UCpEhnqL0y41EpW2TvWAHD7Q,139M,-,India,,41.7M,UCpEhnqL0y41EpW2TvWAHD7Q,SET India,190000000,192509898239,176000
3,Zee Music Company @UCFFbwnve3yF62-tVXkTyHqg,91.4M,-,India,,27.4M,UCFFbwnve3yF62-tVXkTyHqg,Zee Music Company,123000000,91409958772,17062
4,Goldmines @UCyoXW-Dse7fURq30EWl_CUA,72M,-,India,,21.6M,UCyoXW-Dse7fURq30EWl_CUA,Goldmines,110000000,32892135063,14104
5,Sony SAB @UC6-F5tO8uklgE9Zy8IvbdFw,69.2M,-,India,,20.8M,UC6-F5tO8uklgE9Zy8IvbdFw,Sony SAB,106000000,148022346368,115849
6,Zee TV @UCppHT7SZKKvar4Oc9J4oljQ,64M,-,India,,19.2M,UCppHT7SZKKvar4Oc9J4oljQ,Zee TV,98900000,120038109718,220247
7,Shemaroo Filmi Gaane @UCP6uH_XlsxrXwZQ4DlqbqPg,61.1M,-,India,,18.3M,UCP6uH_XlsxrXwZQ4DlqbqPg,Shemaroo Filmi Gaane,75000000,36511629841,10254
8,Colors TV @UC55IWqFLDH1Xp7iu1_xknRA,59.2M,-,India,,17.8M,UC55IWqFLDH1Xp7iu1_xknRA,Colors TV,82500000,2771701711,128156
9,ChuChu TV Nursery Rhymes & Kids Songs @UCBnZ16ahKA2DZ_T5W0FPUXg,58.7M,-,India,,17.6M,UCBnZ16ahKA2DZ_T5W0FPUXg,ChuChu TV Nursery Rhymes & Kids Songs,98200000,60521091073,1132
10,Tips Official @UCJrDMFOdv1I2k8n9oK_V21w,56.5M,-,India,,17M,UCJrDMFOdv1I2k8n9oK_V21w,Tips Official,82400000,59101051622,10469
11,Wave Music @bhojpuriwave,55.6M,-,India,,16.7M,bhojpuriwave,,,,
12,Sony Music India @UC56gTxNs4f9xZ7Pa2i5xNzg,55.3M,-,India,,16.6M,UC56gTxNs4f9xZ7Pa2i5xNzg,Sony Music India,72900000,85645898099,12553
13,Aaj Tak @UCt4t-jeY85JegMlZ-E5UWtA,54M,-,India,,16.2M,UCt4t-jeY85JegMlZ-E5UWtA,Aaj Tak,75600000,48889172409,739639
14,YRF @UCbTLwN10NoCU4WDzLf1JMOA,48.4M,-,India,,14.5M,UCbTLwN10NoCU4WDzLf1JMOA,YRF,72700000,61125995895,5127
15,Infobells - Hindi @UC1ciY6kR3yj3kaKZ6R7ewAg,46.6M,-,India,,14M,UC1ciY6kR3yj3kaKZ6R7ewAg,Infobells - Hindi,72700000,50034221487,1001
16,CarryMinati @carryminati,41.6M,9.2%,India,Video Gaming,12.5M,carryminati,,,,
17,Shemaroo @UCF1JIbMUs6uqoZEY1Haw0GQ,41.2M,-,India,Celebrity,12.4M,UCF1JIbMUs6uqoZEY1Haw0GQ,Shemaroo,62200000,28652483479,13918
18,Speed Records @UCOsyDsO5tIt-VZ1iwjdQmew,41.1M,-,India,Music,12.3M,UCOsyDsO5tIt-VZ1iwjdQmew,Speed Records,48700000,37541024880,13630
19,Voot Kids @UCJg19noZp7-BYIGvypu_cow,39.3M,-,India,,11.8M,UCJg19noZp7-BYIGvypu_cow,JioHotstar Kids,58500000,18697460497,4940
20,Ishtar Music @UCWi_65E_L8tQZ34C6wVAlpQ,38.5M,-,India,Music Celebrity,11.6M,UCWi_65E_L8tQZ34C6wVAlpQ,Ishtar Music,53900000,25605610343,7079
21,Goldmines Gaane Sune Ansune @UCtW7qWjpCZ8zps-Cf2NF26w,35.6M,-,India,,10.7M,UCtW7qWjpCZ8zps-Cf2NF26w,Goldmines Gaane Sune Ansune,49400000,18379454008,2908
22,T-Series Apna Punjab @UCcvNYxWXR_5TjVK7cSCdW-g,33.6M,-,India,,10.1M,UCcvNYxWXR_5TjVK7cSCdW-g,T-Series Apna Punjab,41300000,30249768999,10106
23,Total Gaming @UC5c9VlYTSvBSCaoMu_GI6gQ,33.6M,0.2%,India,Video Gaming,10.1M,UC5c9VlYTSvBSCaoMu_GI6gQ,Total Gaming,45900000,5227854746,598
24,ABP NEWS @UCRWFSbif-RFENbBrSiez1DA,33.5M,-,India,,10.1M,UCRWFSbif-RFENbBrSiez1DA,ABP NEWS,51300000,33928303640,648102
25,Desi Music Factory @UCLtNvbkqea8wN_kGtfgx_Mw,33M,1.8%,India,,9.9M,UCLtNvbkqea8wN_kGtfgx_Mw,Desi Music Factory,34200000,11618162990,533
26,Bollywood Classics @UCRm96I5kmb_iGFofE5N691w,32.7M,-,India,,9.8M,UCRm96I5kmb_iGFofE5N691w,T-Series Bollywood Classics,53800000,43407008744,4104
27,Saregama Music @UC_A7K2dXFsTMAciGmnNxy-Q,32.1M,-,India,,9.6M,UC_A7K2dXFsTMAciGmnNxy-Q,Saregama Music,64700000,37382635083,10908
28,Rajshri @UCEKWXRsfUHkan-D_ljU8Asw,31.9M,-,India,,9.6M,UCEKWXRsfUHkan-D_ljU8Asw,Rajshri,41500000,20892971984,5488
29,IndiaTV @UCttspZesZIDEwwpVIgoZtWQ,31.6M,-,India,,9.5M,UCttspZesZIDEwwpVIgoZtWQ,IndiaTV,50900000,36338116787,473049
30,Eros Now Music @UCX52tYZiEh_mHoFja3Veciw,31.1M,-,India,,9.3M,UCX52tYZiEh_mHoFja3Veciw,Eros Universe,35700000,5526645317,21012
31,MR. INDIAN HACKER @UCSiDGb0MnHFGjs4E2WKvShw,29.8M,-,India,,8.9M,UCSiDGb0MnHFGjs4E2WKvShw,MR. INDIAN HACKER,53000000,11343897288,1447
32,Zee News @UCIvaYmXn910QMdemBG3v1pQ,28.7M,-,India,,8.6M,UCIvaYmXn910QMdemBG3v1pQ,Zee News,42400000,34027659366,356812
33,Techno Gamerz @UCX8pnu3DYUnx8qy8V_c6oHg,28.1M,0.9%,India,News Video Gaming,8.4M,UCX8pnu3DYUnx8qy8V_c6oHg,Techno Gamerz,53100000,16518402034,1192
34,Wow Kidz @UCN8S4CqMRy6tVKVXvs7Bzeg,27.6M,-,India,,8.3M,UCN8S4CqMRy6tVKVXvs7Bzeg,WowKidz,41400000,24361102482,15287
35,infobells - Tamil @UCHcn4Ux-sO9nzNu7rDsoQLg,27.1M,-,India,Marketing and Advertising Education,8.1M,UCHcn4Ux-sO9nzNu7rDsoQLg,infobells - Tamil,36300000,25621146839,973
36,infobells - Telugu @UCHvoq_rGmOKJKGId1nD1V4Q,26.5M,-,India,,8M,UCHvoq_rGmOKJKGId1nD1V4Q,infobells - Telugu,37600000,25326180199,920
37,BB Ki Vines @UCqwUrj10mAEsqezcItqvwEw,25.5M,6%,India,Education Celebrity Business and Finance,7.7M,UCqwUrj10mAEsqezcItqvwEw,BB Ki Vines,26500000,5374775069,195
38,Shemaroo Movies @UCBOmfqgTZi7yDp4-3Lr_3lA,22.6M,-,India,,6.8M,UCBOmfqgTZi7yDp4-3Lr_3lA,Shemaroo Movies,39800000,11690707472,3927
39,White Hill Music @UCopY0NAzASqmD6eVaRj2TFQ,22.4M,-,India,,6.7M,UCopY0NAzASqmD6eVaRj2TFQ,Ishtar Punjabi,25700000,14825520846,8232
40,Technical Guruji @UCOhHO2ICt0ti9KAh-QHvttQ,22.2M,-,India,,6.7M,UCOhHO2ICt0ti9KAh-QHvttQ,Technical Guruji,23700000,4092004059,6341
41,Venus Movies @UCpcsv3Ow-8IhoUGDEfPetsQ,21.8M,-,India,,6.5M,UCpcsv3Ow-8IhoUGDEfPetsQ,Venus Movies,27700000,6267224411,2520
42,Wave Music Bhojpuri @UCYLlkv4hivYJlOk6Lo-RHNQ,21.8M,-,India,,6.5M,UCYLlkv4hivYJlOk6Lo-RHNQ,Wave Music Bhojpuri,27200000,16235865014,25551
43,Crazy XYZ @UCebC4x5l2-PQxg46Ucv9CsA,21.7M,1.3%,India,,6.5M,UCebC4x5l2-PQxg46Ucv9CsA,Crazy XYZ,36900000,11882803527,1703
44,Dushyant kukreja @UCo6y9hnRawAqtyWhRhblXqg,21.3M,-,India,,6.4M,UCo6y9hnRawAqtyWhRhblXqg,Dushyant kukreja,50000000,35554859532,1900
45,Pen Movies @UC3ar28GS6o1p0m_wabfk2zw,21.1M,-,India,Celebrity,6.3M,UC3ar28GS6o1p0m_wabfk2zw,Pen Movies,30100000,9863001946,1864
46,Ultra Movie Parlour @UCYauDsl-rswjQGpA0_-Z9Pw,20.8M,-,India,,6.2M,UCYauDsl-rswjQGpA0_-Z9Pw,Ultra Movie Parlour,32300000,7752380527,2299
47,Netflix India @UCZSNzBgFub_WWil6TOTYwAg,20.6M,-,India,Celebrity,6.2M,UCZSNzBgFub_WWil6TOTYwAg,Netflix India,29400000,16587235290,7324
48,Dr. Vivek Bindra: Motivational Speaker @UCR-foyF-C6VuAlwy3KZMkgA,20.5M,-,India,,6.2M,UCR-foyF-C6VuAlwy3KZMkgA,Dr. Vivek Bindra: Motivational Speaker,21000000,2162844277,3442
49,Goldmines Cineplex @UCCrw5RBWF9i8VPt4IxL8IsQ,20.4M,-,India,Celebrity,6.1M,UCCrw5RBWF9i8VPt4IxL8IsQ,Goldmines Cineplex,27500000,3231660915,5534
50,StarPlus @UC-LPIU24bQXVljUXivKEeRQ,20.1M,-,India,,6M,UC-LPIU24bQXVljUXivKEeRQ,StarPlus,56700000,67148535720,140098
51,DLS News @UCw0ry7cLRUnq3Oaszlhgqfg,19M,-,India,,5.7M,UCw0ry7cLRUnq3Oaszlhgqfg,DLS News,23300000,4028832455,9570
52,Heidi & Zidane बच्चों की कहानियाँ @UCC9Iz-AebxsyVF4iZagOtwA,18.9M,-,India,,5.7M,UCC9Iz-AebxsyVF4iZagOtwA,Heidi & Zidane बच्चों की कहानियाँ,21000000,15220211755,1311
53,Green Gold TV - Official Channel @UCiBigY9XM-HaOxUc269ympg,18.7M,-,India,,5.6M,UCiBigY9XM-HaOxUc269ympg,Green Gold TV - Official Channel,22200000,11676037430,3519
54,Khan GS Research Centre @UCatL-c6pmnjzEOHSyjn-sHA,18.2M,3.8%,India,,5.5M,UCatL-c6pmnjzEOHSyjn-sHA,Khan GS Research Centre,25900000,2812829149,413
55,etvteluguindia @UCSs9H1cyB3OHdy8wkit8ZKg,17.8M,-,India,Celebrity Business and Finance Education Television,5.3M,UCSs9H1cyB3OHdy8wkit8ZKg,etvteluguindia,23600000,33280867091,189319
56,Sun TV @UCBnxEdpoZwstJqC1yZpOjRA,17.6M,-,India,,5.3M,UCBnxEdpoZwstJqC1yZpOjRA,Sun TV,32800000,46568464509,188232
57,Triggered Insaan @UCfLuT3JwLx8rvHjHfTymekw,17.5M,-,India,Books,5.3M,UCfLuT3JwLx8rvHjHfTymekw,Triggered Insaan,26800000,5296123598,372
58,Dangal TV Channel @UCNzmmbXIbMzlqE8nD1PBXfg,17.3M,-,India,,5.2M,UCNzmmbXIbMzlqE8nD1PBXfg,Dangal TV Channel,65800000,71363647926,54307
59,Stubborn Facts @UCJZ5gFXzSZ9i-R1HEnS8U_A,17.3M,-,India,Celebrity,5.2M,UCJZ5gFXzSZ9i-R1HEnS8U_A,Stubborn Facts,16800000,923781588,316
60,Sidhu Moose Wala @UC9ChdqQRCaZmTCwSJ49tcbw,17.1M,5.9%,India,,5.1M,UC9ChdqQRCaZmTCwSJ49tcbw,Sidhu Moose Wala,31300000,10708691154,126
61,Village Cooking Channel @UCk3JZr7eS3pg5AGEvBdEvFg,17.1M,1%,India,,5.1M,UCk3JZr7eS3pg5AGEvBdEvFg,Village Cooking Channel,30900000,10150578094,282
62,Busy Fun Ltd @UCkKDpnzIG29MA--Sh6oOtWg,16.9M,-,India,,5.1M,UCkKDpnzIG29MA--Sh6oOtWg,Busy Fun Ltd,28700000,12793555713,371
63,Kiddiestv Hindi - Nursery Rhymes & Kids Songs @UCvEAgG7WzPZnZkf9iOV_YCg,16.7M,-,India,,5M,UCvEAgG7WzPZnZkf9iOV_YCg,Kiddiestv Hindi - Nursery Rhymes & Kids Songs,26200000,10366652239,458
64,Wow Kidz Action @UCCyKsYaRi62axS-kasXW7wA,16.6M,-,India,,5M,UCCyKsYaRi62axS-kasXW7wA,Wow Kidz Action,27100000,13529195474,9517
65,Prajapati News @UCl_Ksy6Yi1b4eEZ46FInb_w,16.1M,-,India,,4.8M,UCl_Ksy6Yi1b4eEZ46FInb_w,Prajapati News,17600000,1169621800,2362
66,Zappy Toons - Hindi Nursery Rhymes and Stories @UCcryiZdagSR9M-Oii_Y4OfQ,15.9M,-,India,,4.8M,UCcryiZdagSR9M-Oii_Y4OfQ,ZappyToons - Hindi Nursery Rhymes and Stories,33500000,25563748768,1026
67,Aayu and Pihu Show @UCFcBAGR0drI3F15EhMFjuTg,15.8M,0.4%,India,Celebrity,4.7M,UCFcBAGR0drI3F15EhMFjuTg,Aayu and Pihu Show,20800000,14902649561,894
68,RKD Studios @UCjBwQ6M9QyCgO5Pp-TQRFUA,15.7M,-,India,Video Gaming,4.7M,UCjBwQ6M9QyCgO5Pp-TQRFUA,RKD Studios,27700000,7972930885,1425
69,And TV @UCxJcrDUc8awRSLzLbnIiAmQ,15.7M,-,India,,4.7M,UCxJcrDUc8awRSLzLbnIiAmQ,And TV,25700000,24980383948,53646
70,SriBalajiMovies @UCoy3dQzEdq1y2zMnT4pdj3Q,15.5M,-,India,,4.7M,UCoy3dQzEdq1y2zMnT4pdj3Q,SriBalajiMovies,23200000,14408058211,36879
71,Taarak Mehta Ka Ooltah Chashmah @UCnSFZ-olBoLGLRUS_3RI2Aw,15.2M,-,India,,4.6M,UCnSFZ-olBoLGLRUS_3RI2Aw,Taarak Mehta Ka Ooltah Chashmah,37700000,53326570604,29715
72,NDTV India @UC9CYT9gSNLevX5ey2_6CK0Q,15.1M,-,India,,4.5M,UC9CYT9gSNLevX5ey2_6CK0Q,NDTV India,26600000,32482919276,361516
73,Volga Video @UCIeNlITYK46VkR7yIuTL8GQ,15M,-,India,,4.5M,UCIeNlITYK46VkR7yIuTL8GQ,Volga Video,18000000,7898437685,4628
74,Harsh Beniwal @UCVmEbEQUGXHVm-O9pqa3JWg,15M,10.3%,India,,4.5M,UCVmEbEQUGXHVm-O9pqa3JWg,Harsh Beniwal,16600000,2612141972,224
75,Fun For Kids TV - Hindi Rhymes @UCe3GjNY3Kqi8Xd6nT4JN_6w,14.5M,-,India,,4.4M,UCe3GjNY3Kqi8Xd6nT4JN_6w,Fun For Kids TV - Hindi Rhymes,22400000,10895287854,336
76,Gyan Gamingㅤ @UChXi_PlJkRMPYFQBOJ3MpxA,14.4M,-,India,Video Gaming,4.3M,UChXi_PlJkRMPYFQBOJ3MpxA,Gyan Gamingㅤ,19600000,533092724,274
77,Team Films Bhojpuri @UCB4SvelHl4qjFSNYfxhp-SQ,14.4M,-,India,,4.3M,UCB4SvelHl4qjFSNYfxhp-SQ,Team Films Bhojpuri,17200000,7195736761,20473
78,Shorts Break @UCgJ5_1F6yJhYLnyMszUdmUg,14.3M,4.3%,India,,4.3M,UCgJ5_1F6yJhYLnyMszUdmUg,Shorts Break,48800000,43436931381,1057
79,SRK MUSIC @UCAH1Aw-mXgcB3t8uaqW4yTA,14.2M,-,India,,4.3M,UCAH1Aw-mXgcB3t8uaqW4yTA,SRK MUSIC,20000000,8890042405,5672
80,Mazhavil Manorama @UCUPD0jQo-EP0B1Nf4uzeIMA,14M,-,India,,4.2M,UCUPD0jQo-EP0B1Nf4uzeIMA,Mazhavil Manorama,21000000,29129764156,179221
81,DM - Desi Melodies @UC783dnzJqf2ghHp_pFLYbGA,14M,-,India,,4.2M,UC783dnzJqf2ghHp_pFLYbGA,DM - Desi Melodies,21300000,9005944382,1224
82,ZEE5 @UCXOgAl4w-FQero1ERbGHpXQ,13.9M,-,India,,4.2M,UCXOgAl4w-FQero1ERbGHpXQ,Zee 5,20000000,28853371097,257455
83,Sony Music South @UCn4rEMqKtwBQ6-oEwbd4PcA,13.8M,-,India,,4.1M,UCn4rEMqKtwBQ6-oEwbd4PcA,Sony Music South,21700000,22587885204,6270
84,MY FAMILY @UC4B6dDVB0Umrh5l4UgxUtyg,13.8M,0.1%,India,Celebrity,4.1M,UC4B6dDVB0Umrh5l4UgxUtyg,MY FAMILY,19800000,7977754309,471
85,Online Job @UCL3IoeeHKzWMxZxhmnmETjw,13.5M,-,India,,4.1M,UCL3IoeeHKzWMxZxhmnmETjw,,,,
86,infobells @UCU_AsfgtKjwR4qaSwgsWn-w,13.5M,-,India,,4.1M,UCU_AsfgtKjwR4qaSwgsWn-w,infobells,14400000,5854711399,768
87,The MriDul @UC0zXnLIFedO97pFsyMxZcFg,13.3M,-,India,,4M,UC0zXnLIFedO97pFsyMxZcFg,The MriDul,20000000,6924877254,441
88,MyMissAnand @UCpCWa9f5_J3PqY-_Lg-_QfQ,13.2M,0.2%,India,,4M,UCpCWa9f5_J3PqY-_Lg-_QfQ,MyMissAnand,13800000,5684418978,548
89,Anaysa @UCuN4A3GCUq5-0wJDSiJoxRQ,13.2M,0.1%,India,Fashion Beauty,4M,UCuN4A3GCUq5-0wJDSiJoxRQ,Anaysa,13500000,3845069891,724
90,NishaMadhulika @UCgoxyzvouZM-tCgsYzrYtyg,13.1M,-,India,,3.9M,UCgoxyzvouZM-tCgsYzrYtyg,NishaMadhulika,15200000,3689514498,2583
91,ETV Jabardasth @UCnoqvTW4YZExfDeq7_Wmd-w,13M,-,India,,3.9M,UCnoqvTW4YZExfDeq7_Wmd-w,ETV Jabardasth,15700000,18189995441,17791
92,Mythpat @UCx6F-rETGiz7xf_vkMmX2yQ,13M,-,India,Video Gaming,3.9M,UCx6F-rETGiz7xf_vkMmX2yQ,Mythpat,17500000,4460442978,437
93,Desi Gamers @UCuApqv2tNQ73S7gcfrfCSDw,13M,0.5%,India,,3.9M,UCuApqv2tNQ73S7gcfrfCSDw,Desi Gamers,17700000,2993875282,1549
94,Zee Bangla @UCeMsqI6jU9WE2ctsrbxbywQ,13M,-,India,,3.9M,UCeMsqI6jU9WE2ctsrbxbywQ,Zee Bangla,21800000,18714142018,199593
95,Lotus Music @UCJeeXUtsKBj89Ra1nszP4JQ,12.9M,-,India,Music,3.9M,UCJeeXUtsKBj89Ra1nszP4JQ,,,,
96,CookingShooking Hindi @UCTbNOCtAGaqOEnLMeo3JTeg,12.8M,-,India,,3.8M,UCTbNOCtAGaqOEnLMeo3JTeg,CookingShooking Hindi,13500000,2045163241,447
97,Zee Telugu @UC3PYGKK29qJ0zu-eEthHK4g,12.7M,-,India,,3.8M,UC3PYGKK29qJ0zu-eEthHK4g,Zee Telugu,18000000,16527233529,226682
98,Dear Sir @UC9dyrsYEmD4iGJ8Oz1G5dpw,12.7M,-,India,,3.8M,UC9dyrsYEmD4iGJ8Oz1G5dpw,Dear Sir,22700000,2478051169,1628
99,T-Series Hamaar Bhojpuri @UCpN-WGQgGsOrXm7nHXDdTDA,12.6M,-,India,,3.8M,UCpN-WGQgGsOrXm7nHXDdTDA,T-Series Hamaar Bhojpuri,24400000,14847055818,12112
100,Health Time @UCPMqs8vxEwbie26nFA3ykAw,12.6M,-,India,,3.8M,UCPMqs8vxEwbie26nFA3ykAw,Health Time,12300000,1024696566,1724
